username,role
adriengentil,member
avishayt,member
AlonaKaplan,member
computate,member
danielerez,member
DanNiESh,member
dystewart,member
EldritchJS,member
eranco74,member
hpdempsey,member
IsaiahStapleton,member
jappavoo,member
jhernand,member
larsks,admin
larsks-puppet,member
mhrivnak,member
mlorenzofr,member
okrieg,member
oourfali,member
romfreiman,member
schwesig,member
skanthed,member
tssala23,member
tzumainn,admin
jstacy28,member
jkary,member
memalhot,member
ajamias,member
trewest,member
eliorerz,member
maorfr,member
karmab,member
schmaustech,member
tzvatot,member
swati-kale,member
akshaynadkarni,member
zszabo-rh,member
javipolo,member
openshift-ci-robot,member
openshift-merge-robot,member
